# Example company registry. Your own list lives in config/companies.csv, which is
# git-ignored and created the first time you follow a company (web UI "+ Follow"
# or `main.py follow`). To author it by hand, copy this file to companies.csv and
# keep the rows you want. One row per company.
#
# ats_type: greenhouse | ashby | lever | smartrecruiters | workday | oracle |
#           recruitee | revolutpeople | talemetry | cvmail | workable | custom
# priority: high | medium | low   (informational)
# active:   true | false          (false = unfollowed, kept for history)
name,slug,careers_url,ats_type,ats_slug,priority,active
Monzo,monzo,https://job-boards.greenhouse.io/monzo,greenhouse,monzo,medium,true
Attio,attio,https://jobs.ashbyhq.com/attio,ashby,attio,medium,true
Spotify,spotify,https://jobs.lever.co/spotify,lever,spotify,medium,true
Wise,wise,https://jobs.smartrecruiters.com/Wise,smartrecruiters,Wise,high,true
Hostaway,hostaway,https://careers.hostaway.com,recruitee,,medium,true
CloudTalk,cloudtalk,https://apply.workable.com/cloudtalk/,workable,cloudtalk,medium,true
